Name,Sanction,Date
"Jacqueline Q. Ripple, ATC","Suspension imposed by the Consent Order, dated May 24, 2023, is Terminated. Probation for a minimum of two years; terms and conditions.",12/31/2024
"Kessiena Aya-Olabisi, D.O. (Expired)",Suspension for a minimum of six months; terms and conditions.,12/09/2024
"Jonathan M. Ratliff, M.D.",Summary Suspension Affirmed.,12/04/2024
"Jonathan M. Ratliff, MD",Summary Suspension.,11/22/2024
"Aman K. Patel, D.O.",Summary Suspension Affirmed.,11/07/2024
"Aman K. Patel, D.O.",Summary Suspension.,10/23/2024
"Sadiq Al-Samarrai, M.D.",Permanent Surrender of License.,10/11/2024
"Benjamin Alan Feinzimer, D.O.",Suspension for six months; Suspension immediately Stayed.,10/07/2024
"Sadiq Al-Samarrai, M.D.",Summary Suspension.,09/30/2024
"Scott C. Moran, M.D.","The Order for the Summary Suspension of License to Practice Medicine, dated June 11, 2024, is terminated as moot. Reprimand. Suspension for a minimum of one year; terms and conditions.",09/18/2024
"Shannon L. West, M.D.","Reprimand. The physician shall provide acceptable written proof confirming that she has produced the previously requested medical record within ten (10) days. If the physician fails to provide satisfactory proof required, the physician's medical license in Maryland shall be automatically suspended from the 11th day. Civil fine of $2,500.00; payable within one year.",09/16/2024
"Ishtiaq Malik, M.D.",Summary Suspension Affirmed.,08/15/2024
"Christopher R. Sheerer, D.O.",Suspension.,08/14/2024
"Jason A. Clem, M.D.","Reprimand. Suspension for a minimum of six months; terms and conditions. Consent Order dated December 14, 2023, is Terminated as Moot. The Summary Suspension dated April 11, 2024, is Terminated as Moot.",07/31/2024
"Ishtiaq Malk, M.D.",Summary Suspension.,07/31/2024
"David T. Issacs, M.D.",Permanent Surrender of License.,07/22/2024
"Tyler Pittman, D.O.",The Physician's license to practice in the State of Maryland is Surrendered until such time that the Physician's license is restored/reinstated by the North Carolina Medical Board.,07/10/2024
"Scott C. Moran, M.D.",Summary Suspension Affirmed.,06/27/2024
"Walter Gianelle, M.D.",Permanent Surrender of License.,06/26/2024
"Aubrey Ancil King, M.D., Applicant",Application for Initial Medical Licensure Denied.,06/24/2024
"Julio Ramirez, M.D.",Permanent Surrender of License.,06/20/2024
Jimmy R. Augustin,Application for Initial Athletic Trainer Licensure Denied.,06/14/2024
Odianosen Oriaifo,Application for Initial Physician Assistant Licensure Denied.,06/14/2024
"Jose L. Lizardi, M.D.",Application for Initial Medical Licensure Denied.,06/12/2024
"Keri M. Bentley, M.D.",Revocation.,06/12/2024
"Yaw Otchere-Boateng, M.D.",Revocation.,06/12/2024
"Scott C. Moran, M.D.",Summary Suspension.,06/11/2024
"Barika Butler-Quarles, M.D",Surrender of License.,05/22/2024
"Jonathan E. Reitzenstein, M.D.","Reprimand. Civil fine of $500.00; payable within thirty days. The physician shall complete and file the Compact Supplement Application with the Board within ten (10) business days, or the physician's license to practice medicine in Maryland will be immediately suspended.",05/10/2024
"Julio A. Ramirez, M.D.",Summary Suspension Affirmation.,05/09/2024
"Julio Ramirez, M.D.",Summary Suspension,04/30/2024
"Victor M. Tseng, M.D.",Suspended.,04/26/2024
"Jason A. Clem, M.D.",Summary Suspension Affirmed.,04/25/2024
"Henry H. Holcomb, M.D.",Surrender of License.,04/24/2024
"William Suddath, M.D.",Surrender of License.,04/24/2024
"Jeffery Dormu, D.O.","Termination of Suspension. Probation for a minimum of two years; terms and conditions. Civil fine of $10,000.00; payable within one year.",04/16/2024
"Jason A. Clem, M.D.",Summary Suspension,04/11/2024
"Daniel D. Dietrick, M.D.","The Order for Summary Suspension of License to Practice Medicine, dated November 22, 2023, and Affirmed January 11, 2024, are Terminated as moot. Reprimand. Suspension for a minimum of nine months; terms and conditions.",04/03/2024
"Milind S. Gadgil, M.D.",Suspension until such time the physician's license is reinstated by the Nebraska Board of Medicine.,04/03/2024
"Dennis Glick, M.D.",Surrender of License.,03/27/2024
"Maria Gonzalez Berlari, M.D.",Surrender of License.,03/27/2024
"Hugo Benalcazar, M.D.",Surrender of License.,03/21/2024
"Ashley C. Willis, M.D.","The Order for Summary Suspension of License to Practice, dated January 9, 2024, and the Order affirming the Order for Summary Suspension, dated January 25, 2024 are terminated as moot. Suspension; terms and conditions.",03/21/2024
"Andrea N. Bailey, M.D.",Application for Reinstatement of Medical Licensure Denied.,03/14/2024
"Yousef Degife, Radiographer",The Suspension of the Maryland Radiographer license is terminated as moot. Maryland License to Practice Radiography Reinstated without restrictions or conditions.,03/01/2024
"Nagina O. Malguria, M.D.",Revocation.,02/27/2024
"Rowena Tan Grumbine, M.D.","The Order for Summary Suspension of License to Practice Medicine, issued October 17, 2023, and the Order affirming the Order for Summary Suspension, issued on November 16, 2023, are terminated as moot. Reprimand. Suspension for a minimum of one year (commencing when this Consent Order goes into effect); terms and conditions. Probation ordered under Consent I is terminated as a result of Consent Order II. The civil fine imposed in Consent Order I is tolled until the termination of the suspension in Consent Order II. Civil fine of $5,000.00; within one year after the suspension ordered in Consent Order II is terminated.",02/21/2024
"Ian Newbold, M.D.",Revocation.,02/21/2024
"Thomas F. Fahey, Jr., RCP",Surrender of License.,02/06/2024
"Katherine A. Asadi, D.O.","The Order for Summary Suspension, issued on September 27, 2023, and affirmed on October 12, 2023, is terminated as moot. Reprimand. Suspension for a minimum of six months; terms and conditions.",02/05/2024
"Tarik Farrag, M.D.",Revocation.,01/31/2024
"Andrew S. Cruz, M.D.",Termination of Suspension.,01/30/2024
"Ashley Willis, M.D.",Summary Suspension Affirmed.,01/25/2024
"Ian Newbold, M.D.",Revocation.,01/22/2024
"Diego Escobosa, M.D.","The suspension imposed under the Consent Order dated November 30, 2022, is terminated. The reprimand remains in effect. Probation for a minimum of two years; terms and conditions. The physician is prohibited from prescribing and dispensing controlled, dangerous substance medications. Civil fine of $10,000.00; payable within six months.",01/18/2024
"Laurie J. Poss, M.D.","The physician has complied with the terms and conditions of the probation imposed by the Order Terminating Suspension and Imposing Probation dated April 19, 2018.",01/11/2024
"Daniel Dietrick, M.D",Summary Suspension Affirmed.,01/11/2024
"Ashley C. Willis, M.D.",Summary Suspension.,01/09/2024
"Angela Gucwa, M.D.","Order for Summary Suspension of License to Practice Medicine, issued September 12, 2023, and the Order affirming the Order for Summary Suspension, issued on September 27, 2023, are terminated as moot. Reprimand. Suspension for a minimum of one year; terms and conditions.",01/04/2024
